"start_station","end_station","total_trips"
"Hamilton Park","Grove St PATH","5742"
"Brunswick St","Grove St PATH","5553"
"McGinley Square","Sip Ave","4728"
"Grove St PATH","Hamilton Park","4135"
"Van Vorst Park","Grove St PATH","3954"
"Sip Ave","McGinley Square","3945"
"Grove St PATH","Brunswick St","3689"
"Essex Light Rail","Exchange Place","3588"
"Exchange Place","Essex Light Rail","3461"
"Grove St PATH","Van Vorst Park","2968"
"Newport PATH","Hamilton Park","2816"
"Morris Canal","Exchange Place","2792"
"Sip Ave","Lincoln Park","2554"
"Hamilton Park","Newport PATH","2202"
"Jersey & 6th St","Grove St PATH","2188"
"Exchange Place","Morris Canal","2096"
"Oakland Ave","Sip Ave","2057"
"Lincoln Park","Sip Ave","1916"
"Monmouth and 6th","Grove St PATH","1813"
"Dixon Mills","Grove St PATH","1715"
"Newport Pkwy","Newport Pkwy","1679"
"Sip Ave","Baldwin at Montgomery","1599"
"Newport PATH","Exchange Place","1580"
"Liberty Light Rail","Grove St PATH","1553"
"Marin Light Rail","Grove St PATH","1550"
"Sip Ave","Oakland Ave","1537"
"Newport Pkwy","Newport PATH","1521"
"JC Medical Center","Grove St PATH","1492"
"Grove St PATH","Liberty Light Rail","1448"
"Newark Ave","Grove St PATH","1428"
"Newport PATH","Newport Pkwy","1414"
"Warren St","Exchange Place","1384"
"Grove St PATH","JC Medical Center","1360"
"Exchange Place","Newport Pkwy","1356"
"Sip Ave","Dey St","1338"
"Liberty Light Rail","Liberty Light Rail","1321"
"Exchange Place","Newport PATH","1310"
"Newport PATH","Warren St","1308"
"Exchange Place","Warren St","1292"
"Grove St PATH","Essex Light Rail","1275"
"Newport Pkwy","Exchange Place","1250"
"Newark Ave","Hamilton Park","1226"
"Grove St PATH","Marin Light Rail","1224"
"Grove St PATH","Monmouth and 6th","1208"
"Grove St PATH","Dixon Mills","1205"
"Baldwin at Montgomery","Sip Ave","1173"
"Dey St","Sip Ave","1160"
"Grove St PATH","Newark Ave","1100"
"Hamilton Park","Exchange Place","1079"
"Warren St","Newport PATH","1055"
"Grove St PATH","Jersey & 6th St","1029"
"Essex Light Rail","Grove St PATH","1019"
"Hamilton Park","Newark Ave","975"
"Newark Ave","Brunswick St","940"
"Exchange Place","Hamilton Park","902"
"Central Ave","Sip Ave","891"
"Sip Ave","Pershing Field","890"
"Van Vorst Park","Exchange Place","870"
"Baldwin at Montgomery","Grove St PATH","869"
"Exchange Place","Exchange Place","868"
"Exchange Place","Liberty Light Rail","856"
"Liberty Light Rail","Exchange Place","850"
"Warren St","Grove St PATH","834"
"Hamilton Park","Hamilton Park","828"
"Exchange Place","City Hall","825"
"Grove St PATH","Warren St","824"
"City Hall","Exchange Place","820"
"Sip Ave","Christ Hospital","799"
"Grove St PATH","Exchange Place","796"
"Paulus Hook","Exchange Place","783"
"Grove St PATH","Morris Canal","770"
"Exchange Place","Grove St PATH","768"
"Essex Light Rail","Newport PATH","764"
"Morris Canal","Grove St PATH","759"
"Jersey & 3rd","Grove St PATH","751"
"Grove St PATH","Jersey & 3rd","737"
"Sip Ave","Central Ave","698"
"Newport PATH","Essex Light Rail","697"
"Paulus Hook","Newport PATH","697"
"Pershing Field","Sip Ave","681"
"Exchange Place","Paulus Hook","672"
"Christ Hospital","Sip Ave","656"
"Grove St PATH","Newport PATH","655"
"Newport PATH","Newport PATH","652"
"City Hall","Liberty Light Rail","634"
"City Hall","Essex Light Rail","625"
"Paulus Hook","Newport Pkwy","621"
"JC Medical Center","JC Medical Center","621"
"Essex Light Rail","Essex Light Rail","617"
"Newport PATH","Paulus Hook","614"
"Newport Pkwy","Warren St","612"
"Grove St PATH","Grove St PATH","611"
"Newport PATH","Grove St PATH","607"
"Jersey & 3rd","Hamilton Park","598"
"Exchange Place","Van Vorst Park","596"
"Newark Ave","Van Vorst Park","583"
"Warren St","Hamilton Park","577"
"Paulus Hook","Hamilton Park","553"
"Newport Pkwy","Paulus Hook","548"
"Warren St","Paulus Hook","544"
"Morris Canal","Paulus Hook","544"
"Brunswick St","Newark Ave","543"
"City Hall","Grove St PATH","542"
"Grove St PATH","Baldwin at Montgomery","513"
"Warren St","Newport Pkwy","511"
"Marin Light Rail","Exchange Place","508"
"Paulus Hook","Grove St PATH","499"
"Newport PATH","Newark Ave","489"
"Paulus Hook","Warren St","488"
"Paulus Hook","City Hall","481"
"Grove St PATH","Paulus Hook","479"
"Newport Pkwy","Hamilton Park","474"
"Grove St PATH","Newport Pkwy","473"
"Manila & 1st","Hamilton Park","472"
"City Hall","Van Vorst Park","472"
"Hamilton Park","Warren St","467"
"Van Vorst Park","Van Vorst Park","466"
"City Hall","Hamilton Park","464"
"Brunswick St","Paulus Hook","462"
"Liberty Light Rail","Paulus Hook","462"
"Newark Ave","Newport PATH","459"
"Christ Hospital","Grove St PATH","455"
"Exchange Place","Newark Ave","454"
"Newport Pkwy","Essex Light Rail","454"
"Warren St","Warren St","451"
"Newport Pkwy","Grove St PATH","447"
"Essex Light Rail","City Hall","446"
"Grove St PATH","City Hall","438"
"Exchange Place","Marin Light Rail","435"
"Liberty Light Rail","City Hall","428"
"Newark Ave","Exchange Place","426"
"Brunswick & 6th","Grove St PATH","425"
"City Hall","Newport PATH","424"
"Hamilton Park","Paulus Hook","423"
"Paulus Hook","Morris Canal","419"
"Hamilton Park","City Hall","419"
"Hamilton Park","Newport Pkwy","417"
"City Hall","City Hall","407"
"Warren St","Essex Light Rail","401"
"Paulus Hook","Liberty Light Rail","398"
"Pershing Field","Exchange Place","398"
"Essex Light Rail","Newport Pkwy","396"
"Lincoln Park","Lincoln Park","394"
"Newport PATH","City Hall","392"
"Baldwin at Montgomery","Exchange Place","391"
"Morris Canal","Morris Canal","389"
"Van Vorst Park","City Hall","385"
"City Hall","Paulus Hook","380"
"Warren St","City Hall","376"
"Hamilton Park","Brunswick St","376"
"North St","Sip Ave","375"
"5 Corners Library","Pershing Field","372"
"5 Corners Library","Oakland Ave","371"
"Brunswick St","Exchange Place","369"
"Garfield Ave Station","Grove St PATH","366"
"Paulus Hook","Paulus Hook","366"
"Hamilton Park","Jersey & 3rd","346"
"Paulus Hook","Brunswick St","345"
"Essex Light Rail","Liberty Light Rail","345"
"Essex Light Rail","Paulus Hook","342"
"Exchange Place","Brunswick St","340"
"Van Vorst Park","Hamilton Park","339"
"Van Vorst Park","Newark Ave","338"
"Warren St","Newark Ave","337"
"Essex Light Rail","Warren St","336"
"Newark Ave","Newark Ave","333"
"McGinley Square","Exchange Place","332"
"Van Vorst Park","Paulus Hook","331"
"Paulus Hook","Essex Light Rail","330"
"Hamilton Park","Manila & 1st","329"
"Columbus Drive","Exchange Place","329"
"Newark Ave","JC Medical Center","327"
"City Hall","Warren St","324"
"Brunswick St","City Hall","322"
"Sip Ave","Union St","322"
"Hamilton Park","Van Vorst Park","321"
"Pershing Field","Newport PATH","319"
"Sip Ave","Sip Ave","314"
"Grove St PATH","Brunswick & 6th","310"
"Sip Ave","NJCU","306"
"City Hall","Marin Light Rail","305"
"Newport Pkwy","City Hall","302"
"Oakland Ave","5 Corners Library","300"
"Paulus Hook","Van Vorst Park","290"
"Baldwin at Montgomery","City Hall","285"
"Exchange Place","Columbus Drive","285"
"Newark Ave","Monmouth and 6th","285"
"JC Medical Center","City Hall","284"
"Oakland Ave","Grove St PATH","284"
"Paulus Hook","Marin Light Rail","282"
"Newark Ave","Paulus Hook","281"
"Brunswick St","Hamilton Park","278"
"Pershing Field","Oakland Ave","275"
"Newport PATH","Morris Canal","274"
"Newark Ave","Liberty Light Rail","274"
"City Hall","JC Medical Center","273"
"Morris Canal","Newport PATH","273"
"Newport Pkwy","Newark Ave","265"
"Newark Ave","Warren St","265"
"Newark Ave","City Hall","265"
"Baldwin at Montgomery","Newark Ave","262"
"City Hall","Newark Ave","261"
"JC Medical Center","Exchange Place","259"
"Newark Ave","Jersey & 6th St","258"
"Leonard Gordon Park","Sip Ave","255"
"City Hall","Newport Pkwy","253"
"JC Medical Center","Paulus Hook","252"
"Oakland Ave","City Hall","251"
"Riverview Park","Grove St PATH","251"
"Riverview Park","Newport PATH","251"
"Liberty Light Rail","Essex Light Rail","248"
"Hamilton Park","JC Medical Center","248"
"Jersey & 3rd","Monmouth and 6th","248"
"Heights Elevator","Riverview Park","246"
"North St","North St","245"
"Liberty Light Rail","JC Medical Center","243"
"Marin Light Rail","Paulus Hook","243"
"Christ Hospital","Hilltop","241"
"Jersey & 6th St","Newark Ave","241"
"City Hall","Morris Canal","240"
"Marin Light Rail","City Hall","240"
"Heights Elevator","North St","240"
"Brunswick St","Brunswick St","237"
"Pershing Field","Pershing Field","236"
"Columbus Drive","Newport PATH","235"
"Marin Light Rail","Newport PATH","233"
"Sip Ave","Leonard Gordon Park","233"
"Paulus Hook","Newark Ave","232"
"JC Medical Center","Hamilton Park","231"
"Monmouth and 6th","Newark Ave","230"
"Hilltop","Christ Hospital","229"
"Brunswick St","Van Vorst Park","228"
"JC Medical Center","Liberty Light Rail","226"
"Hilltop","Oakland Ave","226"
"Heights Elevator","Central Ave","225"
"NJCU","Sip Ave","225"
"Exchange Place","Pershing Field","225"
"Paulus Hook","Columbus Drive","220"
"Newark Ave","Essex Light Rail","219"
"Sip Ave","North St","219"
"Newport PATH","Marin Light Rail","219"
"City Hall","Brunswick St","218"
"Brunswick St","Newport PATH","216"
"Essex Light Rail","Newark Ave","215"
"Grove St PATH","Garfield Ave Station","214"
"Columbus Drive","Hamilton Park","212"
"Jersey & 3rd","Jersey & 6th St","211"
"Central Ave","Newport PATH","211"
"Warren St","Brunswick St","210"
"McGinley Square","Lincoln Park","210"
"Marin Light Rail","Marin Light Rail","209"
"Liberty Light Rail","Newark Ave","208"
"City Hall","Garfield Ave Station","207"
"Pershing Field","5 Corners Library","207"
"JC Medical Center","Newark Ave","207"
"Pershing Field","Grove St PATH","207"
"Monmouth and 6th","Manila & 1st","205"
"Columbus Drive","Essex Light Rail","204"
"Dixon Mills","Exchange Place","202"
"Manila & 1st","Grove St PATH","200"
"Essex Light Rail","Marin Light Rail","199"
"Newark Ave","Newport Pkwy","198"
"Sip Ave","Exchange Place","195"
"Hamilton Park","Columbus Drive","195"
"Essex Light Rail","Hamilton Park","195"
"Paulus Hook","JC Medical Center","195"
"McGinley Square","McGinley Square","194"
"Hamilton Park","Essex Light Rail","193"
"Warren St","Morris Canal","192"
"Sip Ave","Newark Ave","192"
"Exchange Place","McGinley Square","192"
"Exchange Place","JC Medical Center","190"
"Van Vorst Park","Liberty Light Rail","190"
"Central Ave","Heights Elevator","189"
"Exchange Place","Heights Elevator","189"
"Van Vorst Park","Brunswick St","188"
"Morris Canal","Warren St","181"
"Columbus Drive","Paulus Hook","181"
"Grove St PATH","Lafayette Park","179"
"Van Vorst Park","Warren St","179"
"Newport PATH","Columbus Drive","179"
"Jersey & 6th St","Exchange Place","178"
"5 Corners Library","North St","177"
"Riverview Park","Exchange Place","177"
"Columbus Drive","Columbus Drive","176"
"Riverview Park","Heights Elevator","176"
"Newport PATH","Pershing Field","176"
"Baldwin at Montgomery","Van Vorst Park","175"
"Marin Light Rail","Essex Light Rail","174"
"Newport PATH","Brunswick St","173"
"Sip Ave","Riverview Park","172"
"Warren St","Van Vorst Park","172"
"Sip Ave","Hilltop","170"
"Brunswick St","Warren St","169"
"Newark Ave","Baldwin at Montgomery","167"
"5 Corners Library","Sip Ave","167"
"Garfield Ave Station","City Hall","165"
"Morris Canal","City Hall","165"
"Hilltop","Brunswick St","165"
"Dey St","Newport PATH","165"
"Bayside Park","Grove St PATH","163"
"Jersey & 3rd","Brunswick St","163"
"Hilltop","Exchange Place","162"
"McGinley Square","Newark Ave","161"
"Lafayette Park","Liberty Light Rail","160"
"Oakland Ave","Pershing Field","159"
"5 Corners Library","Paulus Hook","156"
"Jersey & 6th St","Columbus Drive","156"
"5 Corners Library","Central Ave","156"
"Hilltop","Grove St PATH","155"
"Lafayette Park","Grove St PATH","153"
"Central Ave","Exchange Place","153"
"Exchange Place","5 Corners Library","153"
"Warren St","Liberty Light Rail","152"
"Liberty Light Rail","Van Vorst Park","151"
"Essex Light Rail","Morris Canal","151"
"Liberty Light Rail","Lafayette Park","150"
"Newport PATH","Liberty Light Rail","148"
"Union St","Sip Ave","148"
"Hilltop","Hilltop","148"
"Columbus Drive","Morris Canal","148"
"McGinley Square","Van Vorst Park","148"
"Marin Light Rail","Warren St","147"
"Columbus Drive","Jersey & 6th St","147"
"Columbus Drive","Warren St","147"
"North St","Heights Elevator","147"
"Van Vorst Park","Newport PATH","145"
"Warren St","Marin Light Rail","145"
"Sip Ave","Brunswick St","145"
"Liberty Light Rail","Newport PATH","143"
"Exchange Place","Baldwin at Montgomery","142"
"Van Vorst Park","Essex Light Rail","141"
"Jersey & 3rd","Newport PATH","140"
"Sip Ave","Newport PATH","139"
"McGinley Square","Grove St PATH","139"
"Jersey & 3rd","Van Vorst Park","139"
"Newport PATH","Monmouth and 6th","139"
"Monmouth and 6th","Exchange Place","138"
"Sip Ave","5 Corners Library","138"
"Essex Light Rail","JC Medical Center","138"
"Riverview Park","Riverview Park","137"
"Exchange Place","Dixon Mills","137"
"Christ Hospital","Exchange Place","136"
"Exchange Place","Central Ave","135"
"Oakland Ave","Exchange Place","135"
"Columbus Drive","Grove St PATH","135"
"Hilltop","Newark Ave","134"
"Newport PATH","JC Medical Center","134"
"Exchange Place","Jersey & 6th St","133"
"Monmouth and 6th","Newport PATH","133"
"Baldwin at Montgomery","Brunswick St","131"
"Jersey & 6th St","City Hall","131"
"Manila & 1st","Monmouth and 6th","130"
"Newport PATH","Jersey & 3rd","130"
"MLK Light Rail","Grove St PATH","130"
"Morris Canal","Essex Light Rail","130"
"Brunswick St","Essex Light Rail","130"
"Baldwin at Montgomery","Baldwin at Montgomery","130"
"Van Vorst Park","JC Medical Center","129"
"Heights Elevator","Exchange Place","129"
"Sip Ave","Grove St PATH","129"
"North St","5 Corners Library","126"
"Liberty Light Rail","Brunswick St","126"
"Christ Hospital","Newark Ave","125"
"Pershing Field","Hamilton Park","125"
"Brunswick St","JC Medical Center","125"
"Warren St","Columbus Drive","125"
"Jersey & 3rd","City Hall","122"
"McGinley Square","Baldwin at Montgomery","121"
"JC Medical Center","Newport Pkwy","121"
"5 Corners Library","Exchange Place","120"
"Monmouth and 6th","Jersey & 3rd","120"
"City Hall","Baldwin at Montgomery","120"
"Essex Light Rail","Brunswick St","120"
"Oakland Ave","Central Ave","119"
"Brunswick & 6th","Newark Ave","119"
"Morris Canal","Columbus Drive","118"
"JC Medical Center","Warren St","118"
"Sip Ave","Astor Place","118"
"Central Ave","5 Corners Library","118"
"Newport PATH","Van Vorst Park","118"
"Manila & 1st","Jersey & 6th St","118"
"Newport Pkwy","Jersey & 3rd","118"
"Jersey & 6th St","Jersey & 3rd","117"
"Jersey & 3rd","Columbus Drive","117"
"JC Medical Center","Essex Light Rail","117"
"Warren St","JC Medical Center","116"
"Hilltop","Newport PATH","116"
"Heights Elevator","Oakland Ave","115"
"Newport PATH","Heights Elevator","115"
"Newport PATH","Riverview Park","114"
"Hilltop","Sip Ave","114"
"Astor Place","Sip Ave","114"
"Newport PATH","Jersey & 6th St","113"
"JC Medical Center","Newport PATH","113"
"Brunswick St","Jersey & 3rd","113"
"Van Vorst Park","Jersey & 3rd","113"
"Jersey & 3rd","Jersey & 3rd","112"
"Lincoln Park","Newport PATH","112"
"North St","Newport PATH","112"
"Baldwin at Montgomery","Newport PATH","111"
"City Hall","Jersey & 3rd","111"
"Exchange Place","Manila & 1st","111"
"Central Ave","Pershing Field","110"
"McGinley Square","Dey St","110"
"Pershing Field","North St","109"
"Exchange Place","Jersey & 3rd","109"
"Newport Pkwy","Heights Elevator","109"
"Newport PATH","Dey St","108"
"Grove St PATH","Columbus Drive","108"
"Baldwin at Montgomery","Newport Pkwy","108"
"Pershing Field","Central Ave","108"
"Exchange Place","Sip Ave","107"
"Marin Light Rail","Morris Canal","107"
"Grove St PATH","5 Corners Library","107"
"Essex Light Rail","Van Vorst Park","107"
"Manila & 1st","Jersey & 3rd","106"
"Jersey & 6th St","Manila & 1st","106"
"Newport Pkwy","Columbus Drive","106"
"McGinley Square","Union St","105"
"Newark Ave","Jersey & 3rd","104"
"Paulus Hook","5 Corners Library","104"
"Heights Elevator","Newport Pkwy","104"
"Sip Ave","West Side Light Rail","102"
"Lafayette Park","Exchange Place","102"
"Sip Ave","Hamilton Park","101"
"5 Corners Library","Warren St","101"
"Newark Ave","Brunswick & 6th","101"
"Lincoln Park","Exchange Place","101"
"Monmouth and 6th","Hamilton Park","100"
"Pershing Field","Christ Hospital","100"
"Sip Ave","City Hall","100"
"Newark Ave","Lafayette Park","99"
"North St","Riverview Park","99"
"Exchange Place","Christ Hospital","99"
"Newport Pkwy","JC Medical Center","99"
"Hilltop","Hamilton Park","99"
"Pershing Field","Newport Pkwy","99"
"Columbus Drive","Marin Light Rail","98"
"North St","Exchange Place","98"
"Newport Pkwy","Brunswick St","98"
"Columbus Drive","Jersey & 3rd","98"
"Baldwin at Montgomery","5 Corners Library","97"
"Newark Ave","Dixon Mills","97"
"Grove St PATH","Oakland Ave","97"
"Hilltop","Dey St","97"
"Dixon Mills","City Hall","97"
"Lafayette Park","City Hall","96"
"Newport Pkwy","Morris Canal","96"
"Morris Canal","Marin Light Rail","96"
"Jersey & 3rd","Dixon Mills","96"
"McGinley Square","Newport PATH","96"
"Garfield Ave Station","Exchange Place","96"
"Monmouth and 6th","Columbus Drive","96"
"Christ Hospital","Christ Hospital","95"
"Sip Ave","Columbia Park","94"
"Jersey & 6th St","Warren St","93"
"City Hall","Lafayette Park","93"
"McGinley Square","5 Corners Library","92"
"Van Vorst Park","Baldwin at Montgomery","92"
"Grove St PATH","McGinley Square","92"
"Newark Ave","Hilltop","91"
"Monmouth and 6th","Paulus Hook","91"
"Essex Light Rail","Columbus Drive","91"
"McGinley Square","Newport Pkwy","91"
"Liberty Light Rail","Warren St","91"
"Newport Pkwy","Liberty Light Rail","91"
"5 Corners Library","5 Corners Library","90"
"Heights Elevator","Hamilton Park","90"
"Van Vorst Park","McGinley Square","90"
"Warren St","McGinley Square","89"
"Van Vorst Park","Newport Pkwy","89"
"City Hall","Dixon Mills","89"
"JC Medical Center","Brunswick St","88"
"Columbus Drive","Newport Pkwy","88"
"Marin Light Rail","Newark Ave","88"
"Riverview Park","Pershing Field","88"
"5 Corners Library","Christ Hospital","88"
"Baldwin at Montgomery","Lincoln Park","87"
"Newport PATH","Sip Ave","87"
"Exchange Place","Oakland Ave","87"
"Brunswick St","Newport Pkwy","86"
"Jersey & 6th St","Newport PATH","86"
"Jersey & 3rd","Exchange Place","86"
"Newport PATH","Lincoln Park","85"
"NJCU","Exchange Place","85"
"Baldwin at Montgomery","McGinley Square","85"
"Christ Hospital","5 Corners Library","84"
"Morris Canal","JC Medical Center","84"
"Dixon Mills","Newark Ave","84"
"Manila & 1st","Exchange Place","84"
"Newark Ave","Pershing Field","84"
"Grove St PATH","Bayside Park","83"
"Oakland Ave","Newark Ave","83"
"Newport PATH","5 Corners Library","83"
"McGinley Square","Hilltop","83"
"JC Medical Center","Van Vorst Park","83"
"Marin Light Rail","Newport Pkwy","83"
"Hamilton Park","Monmouth and 6th","82"
"5 Corners Library","Baldwin at Montgomery","82"
"Columbus Drive","Newark Ave","82"
"Newport Pkwy","Marin Light Rail","81"
"Warren St","Jersey & 3rd","80"
"Oakland Ave","Oakland Ave","80"
"Marin Light Rail","Van Vorst Park","80"
"Exchange Place","Dey St","80"
"Dey St","McGinley Square","79"
"Morris Canal","Newport Pkwy","79"
"Warren St","Baldwin at Montgomery","79"
"Leonard Gordon Park","Newport PATH","78"
"Heights Elevator","Newport PATH","78"
"Hilltop","Pershing Field","78"
"Warren St","5 Corners Library","77"
"Baldwin at Montgomery","Hilltop","77"
"Jersey & 3rd","Warren St","77"
"Dey St","Dey St","77"
"Jersey & 3rd","Newark Ave","76"
"Baldwin at Montgomery","Liberty Light Rail","76"
"Hilltop","McGinley Square","75"
"Jersey & 6th St","Jersey & 6th St","75"
"Grove St PATH","Hilltop","75"
"Dixon Mills","Jersey & 3rd","74"
"Newport Pkwy","Van Vorst Park","74"
"Heights Elevator","Pershing Field","74"
"JC Medical Center","Morris Canal","74"
"Pershing Field","Newark Ave","74"
"Riverview Park","Sip Ave","73"
"West Side Light Rail","Sip Ave","73"
"Columbia Park","Sip Ave","73"
"McGinley Square","Paulus Hook","72"
"Marin Light Rail","Liberty Light Rail","72"
"Manila & 1st","Brunswick St","72"
"Warren St","Heights Elevator","72"
"5 Corners Library","Brunswick St","72"
"Brunswick St","Hilltop","72"
"Brunswick St","Liberty Light Rail","71"
"North St","Central Ave","71"
"Dixon Mills","Dixon Mills","71"
"Pershing Field","Dey St","71"
"Grove St PATH","Christ Hospital","71"
"Brunswick St","Columbus Drive","71"
"North St","Pershing Field","70"
"5 Corners Library","Grove St PATH","70"
"Liberty Light Rail","Newport Pkwy","70"
"Riverview Park","North St","70"
"Christ Hospital","Heights Elevator","70"
"Jersey & 6th St","Hamilton Park","70"
"Lafayette Park","Newark Ave","70"
"Monmouth and 6th","City Hall","69"
"Marin Light Rail","Columbus Drive","69"
"Lincoln Park","Baldwin at Montgomery","69"
"Sip Ave","MLK Light Rail","69"
"Hilltop","Baldwin at Montgomery","69"
"Paulus Hook","Jersey & 6th St","69"
"Jersey & 3rd","Brunswick & 6th","68"
"McGinley Square","City Hall","68"
"Grove St PATH","Lincoln Park","68"
"Dey St","Pershing Field","68"
"McGinley Square","Marin Light Rail","68"
"Hilltop","North St","68"
"Hilltop","City Hall","68"
"Central Ave","Central Ave","68"
"Monmouth and 6th","Monmouth and 6th","68"
"Christ Hospital","Pershing Field","67"
"Hamilton Park","Liberty Light Rail","67"
"Newport Pkwy","Pershing Field","67"
"Pershing Field","Riverview Park","67"
"Jersey & 3rd","Newport Pkwy","67"
"Dey St","Exchange Place","67"
"5 Corners Library","Newark Ave","67"
"Central Ave","Riverview Park","67"
"Grove St PATH","Heights Elevator","66"
"5 Corners Library","Essex Light Rail","66"
"Hamilton Park","Pershing Field","66"
"City Hall","Jersey & 6th St","66"
"Oakland Ave","Heights Elevator","65"
"Warren St","Jersey & 6th St","65"
"Liberty Light Rail","Hamilton Park","65"
"Dey St","Paulus Hook","65"
"Liberty Light Rail","Garfield Ave Station","65"
"Exchange Place","Garfield Ave Station","64"
"Newark Ave","Columbus Drive","64"
"Grove St PATH","Pershing Field","64"
"Newark Ave","Marin Light Rail","64"
"Essex Light Rail","5 Corners Library","64"
"Liberty Light Rail","Baldwin at Montgomery","63"
"Exchange Place","Monmouth and 6th","63"
"Riverview Park","Newport Pkwy","63"
"Newport PATH","Baldwin at Montgomery","63"
"Sip Ave","Van Vorst Park","63"
"5 Corners Library","Leonard Gordon Park","62"
"Jersey & 3rd","Manila & 1st","62"
"Van Vorst Park","Marin Light Rail","62"
"Lincoln Park","Grove St PATH","62"
"Riverview Park","Warren St","62"
"Dixon Mills","Newport PATH","62"
"5 Corners Library","McGinley Square","62"
"Heights Elevator","Christ Hospital","61"
"Jersey & 6th St","Brunswick St","61"
"Monmouth and 6th","Warren St","60"
"Newport Pkwy","Manila & 1st","60"
"Morris Canal","Hamilton Park","60"
"Columbus Drive","City Hall","60"
"Morris Canal","Liberty Light Rail","60"
"Newport Pkwy","Baldwin at Montgomery","59"
"Garfield Ave Station","Essex Light Rail","59"
"Newark Ave","Christ Hospital","58"
"Grove St PATH","Manila & 1st","58"
"Van Vorst Park","Sip Ave","58"
"Jersey & 3rd","JC Medical Center","58"
"Newport PATH","Hilltop","57"
"Columbus Drive","Brunswick St","57"
"Jersey & 6th St","Essex Light Rail","57"
"Exchange Place","Lafayette Park","56"
"5 Corners Library","Newport PATH","56"
"Lincoln Park","McGinley Square","56"
"Christ Hospital","Riverview Park","56"
"Van Vorst Park","Garfield Ave Station","55"
"Jersey & 6th St","Van Vorst Park","55"
"Central Ave","North St","55"
"Hamilton Park","Marin Light Rail","55"
"Manila & 1st","Newport PATH","55"
"Riverview Park","Christ Hospital","54"
"Marin Light Rail","JC Medical Center","54"
"Baldwin at Montgomery","JC Medical Center","54"
"Liberty Light Rail","Marin Light Rail","53"
"City Hall","Monmouth and 6th","53"
"Lafayette Park","Lafayette Park","53"
"McGinley Square","West Side Light Rail","53"
"Van Vorst Park","Morris Canal","53"
"Baldwin at Montgomery","Warren St","53"
"Central Ave","Oakland Ave","53"
"Paulus Hook","Dixon Mills","52"
"Newark Ave","Morris Canal","52"
"Monmouth and 6th","Newport Pkwy","52"
"Newark Ave","Sip Ave","52"
"Lincoln Park","Warren St","52"
"West Side Light Rail","West Side Light Rail","51"
"Dey St","Hamilton Park","51"
"Van Vorst Park","Jersey & 6th St","51"
"Central Ave","Grove St PATH","51"
"Baldwin at Montgomery","Paulus Hook","51"
"Heights Elevator","Heights Elevator","51"
"Hamilton Park","Jersey & 6th St","51"
"Liberty Light Rail","Morris Canal","51"
"Sip Ave","Garfield Ave Station","51"
"Van Vorst Park","Manila & 1st","51"
"Manila & 1st","City Hall","51"
"Morris Canal","Newark Ave","50"
"Riverview Park","Central Ave","50"
"Brunswick & 6th","Manila & 1st","50"
"Newport Pkwy","Monmouth and 6th","50"
"Oakland Ave","Marin Light Rail","49"
"Riverview Park","Newark Ave","49"
"Hamilton Park","Brunswick & 6th","49"
"Paulus Hook","McGinley Square","49"
"Oakland Ave","Hilltop","49"
"Newark Ave","5 Corners Library","49"
"Newark Ave","McGinley Square","49"
"Dey St","Lincoln Park","49"
"North St","Grove St PATH","49"
"Hilltop","Heights Elevator","49"
"5 Corners Library","Dey St","48"
"Heights Elevator","Grove St PATH","48"
"Baldwin at Montgomery","Hamilton Park","48"
"Manila & 1st","Manila & 1st","48"
"Sip Ave","Newport Pkwy","47"
"Manila & 1st","Newport Pkwy","47"
"Marin Light Rail","McGinley Square","46"
"Newark Ave","Oakland Ave","46"
"Hamilton Park","Morris Canal","46"
"Exchange Place","Riverview Park","46"
"Newport PATH","Manila & 1st","46"
"McGinley Square","Brunswick St","46"
"5 Corners Library","Newport Pkwy","46"
"5 Corners Library","Hilltop","46"
"Sip Ave","Heights Elevator","46"
"Lincoln Park","West Side Light Rail","46"
"Warren St","Dixon Mills","45"
"Bayside Park","Exchange Place","45"
"Riverview Park","Brunswick St","45"
"Newport Pkwy","Riverview Park","45"
"Hamilton Park","Heights Elevator","45"
"Brunswick & 6th","Jersey & 3rd","44"
"Columbus Drive","Dixon Mills","44"
"Union St","Columbus Drive","44"
"Columbus Drive","Union St","44"
"Dixon Mills","Columbus Drive","44"
"Jersey & 3rd","Liberty Light Rail","44"
"North St","Hilltop","43"
"Hamilton Park","Hilltop","43"
"City Hall","Sip Ave","43"
"North St","Brunswick St","43"
"Grove St PATH","Riverview Park","43"
"Brunswick St","5 Corners Library","43"
"Paulus Hook","Monmouth and 6th","43"
"Warren St","Lincoln Park","43"
"Sip Ave","Warren St","43"
"Paulus Hook","Jersey & 3rd","42"
"Brunswick St","Baldwin at Montgomery","42"
"Dey St","Riverview Park","42"
"Hilltop","Warren St","42"
"Christ Hospital","Newport Pkwy","42"
"Oakland Ave","Baldwin at Montgomery","41"
"City Hall","McGinley Square","41"
"Jersey & 3rd","Essex Light Rail","41"
"Brunswick St","Manila & 1st","41"
"Hilltop","5 Corners Library","41"
"Newark Ave","Dey St","40"
"Exchange Place","North St","40"
"Warren St","Monmouth and 6th","40"
"Newport PATH","North St","40"
"City Hall","Columbus Drive","40"
"Grove St PATH","Sip Ave","39"
"Dey St","Grove St PATH","39"
"Christ Hospital","Newport PATH","39"
"5 Corners Library","City Hall","39"
"McGinley Square","Essex Light Rail","39"
"Hilltop","Jersey & 3rd","38"
"Sip Ave","Essex Light Rail","38"
"Newark Ave","Riverview Park","38"
"Essex Light Rail","Dey St","38"
"Morris Canal","Van Vorst Park","38"
"Liberty Light Rail","McGinley Square","37"
"Manila & 1st","Warren St","37"
"Jersey & 6th St","Paulus Hook","37"
"Pershing Field","Heights Elevator","37"
"Leonard Gordon Park","5 Corners Library","37"
"Dixon Mills","Warren St","37"
"Sip Ave","Liberty Light Rail","37"
"Christ Hospital","Hamilton Park","37"
"Hilltop","Riverview Park","37"
"Lincoln Park","Van Vorst Park","37"
"NJCU","Grove St PATH","36"
"Dixon Mills","Paulus Hook","36"
"Hamilton Park","Dixon Mills","36"
"Columbus Drive","Liberty Light Rail","36"
"Hilltop","Newport Pkwy","36"
"Jersey & 6th St","JC Medical Center","36"
"Hilltop","Van Vorst Park","36"
"Hilltop","Lincoln Park","36"
"5 Corners Library","Hamilton Park","36"
"Newport Pkwy","5 Corners Library","36"
"Manila & 1st","Paulus Hook","35"
"Oakland Ave","Newport PATH","35"
"Newport Pkwy","Dey St","35"
"Manila & 1st","Newark Ave","35"
"Newport PATH","Dixon Mills","35"
"Christ Hospital","Central Ave","35"
"Leonard Gordon Park","Pershing Field","34"
"Newark Ave","Heights Elevator","34"
"Newport PATH","Central Ave","34"
"Christ Hospital","Brunswick St","34"
"Manila & 1st","JC Medical Center","34"
"Dey St","Newark Ave","34"
"Lincoln Park","Union St","34"
"JC Medical Center","Marin Light Rail","34"
"North St","Newport Pkwy","33"
"Dey St","Heights Elevator","33"
"Baldwin at Montgomery","Essex Light Rail","33"
"Dixon Mills","Marin Light Rail","33"
"Garfield Ave Station","Liberty Light Rail","33"
"JC Medical Center","Baldwin at Montgomery","33"
"Lincoln Park","Dey St","33"
"Riverview Park","Dey St","33"
"Brunswick St","Dixon Mills","33"
"Christ Hospital","Oakland Ave","33"
"Columbus Drive","JC Medical Center","33"
"JC Medical Center","Jersey & 6th St","33"
"Newport Pkwy","Hilltop","33"
"Dixon Mills","Brunswick St","32"
"Exchange Place","Lincoln Park","32"
"Paulus Hook","Dey St","32"
"Columbus Drive","Monmouth and 6th","32"
"Heights Elevator","Warren St","32"
"Warren St","Sip Ave","32"
"Marin Light Rail","Monmouth and 6th","32"
"Paulus Hook","Baldwin at Montgomery","32"
"Oakland Ave","Riverview Park","32"
"McGinley Square","Pershing Field","32"
"Heights Elevator","Newark Ave","31"
"Hamilton Park","Sip Ave","31"
"Central Ave","City Hall","31"
"Van Vorst Park","Lafayette Park","31"
"Heights Elevator","McGinley Square","31"
"Garfield Ave Station","Garfield Ave Station","31"
"Dey St","Newport Pkwy","31"
"City Hall","Lincoln Park","30"
"NJCU","West Side Light Rail","30"
"Riverview Park","Hamilton Park","30"
"West Side Light Rail","Lincoln Park","30"
"JC Medical Center","Jersey & 3rd","30"
"Monmouth and 6th","Van Vorst Park","30"
"City Hall","Brunswick & 6th","30"
"Oakland Ave","Hamilton Park","30"
"Dixon Mills","Hamilton Park","30"
"Pershing Field","Warren St","30"
"Marin Light Rail","Hamilton Park","30"
"Essex Light Rail","Jersey & 3rd","30"
"Sip Ave","Paulus Hook","30"
"Manila & 1st","Columbus Drive","30"
"JC Medical Center","Monmouth and 6th","30"
"Liberty Light Rail","Bayside Park","29"
"Brunswick St","Pershing Field","29"
"Hilltop","Morris Canal","29"
"Hamilton Park","Riverview Park","29"
"Dey St","5 Corners Library","29"
"Brunswick St","Morris Canal","29"
"Garfield Ave Station","Paulus Hook","29"
"5 Corners Library","Lincoln Park","29"
"Central Ave","Brunswick St","29"
"Grove St PATH","MLK Light Rail","29"
"Brunswick St","Lafayette Park","29"
"Oakland Ave","Brunswick St","29"
"Essex Light Rail","Sip Ave","29"
"Lincoln Park","Newport Pkwy","28"
"Dixon Mills","Manila & 1st","28"
"Monmouth and 6th","JC Medical Center","28"
"Monmouth and 6th","Marin Light Rail","28"
"Newark Ave","Manila & 1st","28"
"Hilltop","JC Medical Center","28"
"5 Corners Library","Heights Elevator","28"
"City Hall","Pershing Field","28"
"Marin Light Rail","Jersey & 6th St","28"
"Warren St","Riverview Park","28"
"Riverview Park","Hilltop","28"
"McGinley Square","JC Medical Center","28"
"Exchange Place","Hilltop","28"
"Manila & 1st","Marin Light Rail","28"
"Brunswick St","Riverview Park","27"
"Essex Light Rail","Garfield Ave Station","27"
"Columbus Drive","Van Vorst Park","27"
"Warren St","Pershing Field","27"
"Oakland Ave","Christ Hospital","27"
"Central Ave","Essex Light Rail","27"
"Columbus Drive","5 Corners Library","27"
"Baldwin at Montgomery","Oakland Ave","27"
"Brunswick & 6th","City Hall","27"
"McGinley Square","Warren St","27"
"Newport PATH","Brunswick & 6th","27"
"Marin Light Rail","Manila & 1st","27"
"Brunswick St","Sip Ave","26"
"Columbia Park","Columbia Park","26"
"Hilltop","Jersey & 6th St","26"
"North St","Hamilton Park","26"
"Brunswick St","Marin Light Rail","26"
"Manila & 1st","Van Vorst Park","26"
"McGinley Square","Liberty Light Rail","26"
"Brunswick & 6th","Newport Pkwy","25"
"Van Vorst Park","Columbus Drive","25"
"Pershing Field","Hilltop","25"
"Newport Pkwy","Jersey & 6th St","25"
"Newport Pkwy","Lincoln Park","25"
"Heights Elevator","5 Corners Library","25"
"Brunswick & 6th","Hamilton Park","25"
"Brunswick St","Central Ave","25"
"Dixon Mills","Essex Light Rail","25"
"McGinley Square","Hamilton Park","25"
"Sip Ave","Marin Light Rail","25"
"Riverview Park","5 Corners Library","25"
"Manila & 1st","Dixon Mills","25"
"Lincoln Park","Liberty Light Rail","25"
"Newport Pkwy","Sip Ave","25"
"Jersey & 6th St","Hilltop","25"
"Sip Ave","JC Medical Center","24"
"Liberty Light Rail","Columbus Drive","24"
"Paulus Hook","Heights Elevator","24"
"Morris Canal","Brunswick St","24"
"Manila & 1st","Morris Canal","24"
"Heights Elevator","Sip Ave","24"
"Liberty Light Rail","Lincoln Park","24"
"Central Ave","Newark Ave","24"
"Dixon Mills","JC Medical Center","24"
"Columbus Drive","Manila & 1st","24"
"NJCU","Lincoln Park","24"
"JC Medical Center","Hilltop","24"
"Christ Hospital","City Hall","24"
"Jersey & 6th St","Monmouth and 6th","24"
"Heights Elevator","Dey St","23"
"Essex Light Rail","Lafayette Park","23"
"Paulus Hook","Hilltop","23"
"JC Medical Center","Columbus Drive","23"
"Columbia Park","Danforth Light Rail","23"
"Central Ave","Christ Hospital","23"
"Lincoln Park","Essex Light Rail","23"
"Newport Pkwy","Dixon Mills","23"
"McGinley Square","Monmouth and 6th","23"
"Lincoln Park","City Hall","23"
"Newport Pkwy","North St","23"
"Manila & 1st","Brunswick & 6th","23"
"McGinley Square","NJCU","23"
"Bayside Park","Liberty Light Rail","22"
"Sip Ave","Dixon Mills","22"
"Hamilton Park","5 Corners Library","22"
"Leonard Gordon Park","Columbus Drive","22"
"Heights Elevator","Brunswick St","22"
"Paulus Hook","Sip Ave","22"
"North St","Newark Ave","22"
"5 Corners Library","Columbus Drive","22"
"Hilltop","Paulus Hook","22"
"Dixon Mills","Jersey & 6th St","22"
"Central Ave","Paulus Hook","22"
"Brunswick St","Dey St","22"
"City Hall","Manila & 1st","22"
"Bayside Park","Bayside Park","22"
"Lafayette Park","Brunswick St","22"
"Heights Elevator","Hilltop","22"
"Oakland Ave","Essex Light Rail","22"
"Dey St","Essex Light Rail","21"
"Newport PATH","Leonard Gordon Park","21"
"JC Medical Center","NJCU","21"
"Brunswick St","Heights Elevator","21"
"Marin Light Rail","Jersey & 3rd","21"
"JC Medical Center","Garfield Ave Station","21"
"Leonard Gordon Park","Leonard Gordon Park","21"
"Jersey & 3rd","Hilltop","21"
"Lafayette Park","Paulus Hook","21"
"City Hall","Oakland Ave","21"
"Lafayette Park","Marin Light Rail","21"
"Liberty Light Rail","Sip Ave","20"
"Van Vorst Park","Lincoln Park","20"
"Grove St PATH","Dey St","20"
"Baldwin at Montgomery","Dey St","20"
"Baldwin at Montgomery","Monmouth and 6th","20"
"Hilltop","Manila & 1st","20"
"Manila & 1st","Essex Light Rail","20"
"Newport Pkwy","Brunswick & 6th","20"
"Central Ave","Hilltop","20"
"Hamilton Park","Baldwin at Montgomery","20"
"Danforth Light Rail","Columbia Park","20"
"Brunswick & 6th","Brunswick & 6th","20"
"Dey St","Van Vorst Park","20"
"Pershing Field","Brunswick St","20"
"Brunswick & 6th","Newport PATH","19"
"JC Medical Center","Dixon Mills","19"
"Hilltop","Essex Light Rail","19"
"5 Corners Library","Riverview Park","19"
"Lafayette Park","JC Medical Center","19"
"Oakland Ave","Newport Pkwy","19"
"Oakland Ave","North St","19"
"Lincoln Park","NJCU","19"
"City Hall","5 Corners Library","19"
"Van Vorst Park","NJCU","19"
"Jersey & 3rd","Paulus Hook","19"
"North St","Dey St","19"
"Dey St","Baldwin at Montgomery","19"
"Riverview Park","City Hall","19"
"Newport PATH","McGinley Square","19"
"City Hall","MLK Light Rail","19"
"Pershing Field","City Hall","19"
"North St","Christ Hospital","19"
"Bayside Park","JC Medical Center","18"
"Oakland Ave","Dey St","18"
"Brunswick St","Jersey & 6th St","18"
"Heights Elevator","Monmouth and 6th","18"
"Brunswick St","Monmouth and 6th","18"
"JC Medical Center","McGinley Square","18"
"Newark Ave","Central Ave","18"
"JC Medical Center","Lafayette Park","18"
"Sip Ave","Columbus Drive","18"
"Christ Hospital","North St","18"
"Jersey & 3rd","Lafayette Park","18"
"Hamilton Park","Christ Hospital","18"
"NJCU","NJCU","18"
"Brunswick St","Christ Hospital","18"
"Exchange Place","Bayside Park","18"
"Baldwin at Montgomery","Columbus Drive","18"
"Hilltop","Central Ave","18"
"Marin Light Rail","Brunswick St","18"
"Jersey & 6th St","Morris Canal","18"
"Dey St","North St","18"
"Marin Light Rail","Brunswick & 6th","17"
"Newark Ave","Lincoln Park","17"
"Lincoln Park","Newark Ave","17"
"Monmouth and 6th","Brunswick St","17"
"Essex Light Rail","McGinley Square","17"
"Baldwin at Montgomery","Jersey & 3rd","17"
"Hilltop","Liberty Light Rail","17"
"Hamilton Park","McGinley Square","17"
"Columbus Drive","McGinley Square","17"
"Lafayette Park","Van Vorst Park","17"
"Dey St","Christ Hospital","17"
"Jersey & 6th St","Marin Light Rail","17"
"Lincoln Park","JC Medical Center","17"
"Leonard Gordon Park","Exchange Place","17"
"Heights Elevator","City Hall","17"
"City Hall","Heights Elevator","17"
"Baldwin at Montgomery","Union St","17"
"Lincoln Park","Hilltop","17"
"Jersey & 6th St","Dixon Mills","17"
"Monmouth and 6th","Jersey & 6th St","17"
"Essex Light Rail","Lincoln Park","16"
"West Side Light Rail","NJCU","16"
"Paulus Hook","Lafayette Park","16"
"Essex Light Rail","Jersey & 6th St","16"
"MLK Light Rail","Liberty Light Rail","16"
"JC Medical Center","Manila & 1st","16"
"Grove St PATH","Columbia Park","16"
"Marin Light Rail","Sip Ave","16"
"North St","Baldwin at Montgomery","16"
"Van Vorst Park","Dixon Mills","16"
"City Hall","Hilltop","16"
"Morris Canal","Jersey & 3rd","16"
"Newport Pkwy","Central Ave","16"
"Essex Light Rail","Manila & 1st","15"
"Brunswick & 6th","Brunswick St","15"
"Essex Light Rail","Monmouth and 6th","15"
"Union St","Lincoln Park","15"
"Garfield Ave Station","JC Medical Center","15"
"Van Vorst Park","Monmouth and 6th","15"
"Oakland Ave","McGinley Square","15"
"Central Ave","Newport Pkwy","15"
"North St","Oakland Ave","15"
"Riverview Park","Oakland Ave","15"
"McGinley Square","MLK Light Rail","15"
"Astor Place","Grove St PATH","15"
"Hilltop","Leonard Gordon Park","15"
"Leonard Gordon Park","City Hall","14"
"Hilltop","Brunswick & 6th","14"
"Sip Ave","Jersey & 3rd","14"
"JC Medical Center","Bayside Park","14"
"Dey St","Hilltop","14"
"NJCU","McGinley Square","14"
"McGinley Square","Heights Elevator","14"
"Morris Canal","Jersey & 6th St","14"
"Pershing Field","Leonard Gordon Park","14"
"Lincoln Park","Hamilton Park","14"
"Newport Pkwy","Christ Hospital","14"
"Jersey & 6th St","Newport Pkwy","14"
"Newport PATH","Oakland Ave","13"
"Newport Pkwy","McGinley Square","13"
"Brunswick St","McGinley Square","13"
"Marin Light Rail","Union St","13"
"Dey St","Oakland Ave","13"
"Christ Hospital","Van Vorst Park","13"
"Lincoln Park","Pershing Field","13"
"Pershing Field","Van Vorst Park","13"
"Brunswick St","Brunswick & 6th","13"
"Central Ave","Warren St","13"
"Newark Ave","MLK Light Rail","13"
"Paulus Hook","North St","13"
"Essex Light Rail","Dixon Mills","13"
"Warren St","Hilltop","13"
"Dixon Mills","Van Vorst Park","13"
"Communipaw & Berry Lane","Dixon Mills","13"
"Sip Ave","Morris Canal","13"
"Heights Elevator","Liberty Light Rail","13"
"Baldwin at Montgomery","Christ Hospital","13"
"NJCU","Van Vorst Park","13"
"Union St","McGinley Square","13"
"Riverview Park","Brunswick & 6th","13"
"Columbus Drive","Baldwin at Montgomery","13"
"Christ Hospital","Dey St","13"
"Hilltop","Columbus Drive","13"
"Oakland Ave","Warren St","12"
"Warren St","Manila & 1st","12"
"Oakland Ave","Van Vorst Park","12"
"Union St","Union St","12"
"Newport PATH","Garfield Ave Station","12"
"Grove St PATH","North St","12"
"Garfield Ave Station","Warren St","12"
"Pershing Field","McGinley Square","12"
"Lafayette Park","Garfield Ave Station","12"
"Brunswick St","North St","12"
"Heights Elevator","Paulus Hook","12"
"Columbus Drive","Dey St","12"
"Garfield Ave Station","Brunswick St","12"
"Van Vorst Park","Bayside Park","12"
"JC Medical Center","Sip Ave","12"
"McGinley Square","Oakland Ave","12"
"Essex Light Rail","Oakland Ave","12"
"Essex Light Rail","Hilltop","12"
"Dixon Mills","Morris Canal","12"
"Paulus Hook","Riverview Park","12"
"Sip Ave","Jersey & 6th St","12"
"Dixon Mills","Baldwin at Montgomery","12"
"Paulus Hook","Manila & 1st","12"
"5 Corners Library","Van Vorst Park","12"
"Lincoln Park","Brunswick St","12"
"MLK Light Rail","Lincoln Park","12"
"Lincoln Park","5 Corners Library","11"
"Essex Light Rail","Baldwin at Montgomery","11"
"Morris Canal","Hilltop","11"
"City Hall","Columbia Park","11"
"Union St","Marin Light Rail","11"
"Union St","Grove St PATH","11"
"Brunswick St","Garfield Ave Station","11"
"Christ Hospital","Columbus Drive","11"
"Hamilton Park","Lafayette Park","11"
"Exchange Place","Danforth Light Rail","11"
"Brunswick & 6th","Warren St","11"
"Lafayette Park","Essex Light Rail","11"
"Garfield Ave Station","Newport PATH","11"
"MLK Light Rail","City Hall","11"
"Essex Light Rail","Central Ave","11"
"Union St","Baldwin at Montgomery","11"
"Newark Ave","Garfield Ave Station","11"
"McGinley Square","Astor Place","11"
"Lafayette Park","Jersey & 3rd","10"
"Hamilton Park","North St","10"
"Hilltop","Union St","10"
"Christ Hospital","McGinley Square","10"
"Dixon Mills","Newport Pkwy","10"
"West Side Light Rail","Exchange Place","10"
"Dixon Mills","Dey St","10"
"Jersey & 3rd","Morris Canal","10"
"Bethune Center","Bethune Center","10"
"Columbus Drive","Riverview Park","10"
"Monmouth and 6th","Essex Light Rail","10"
"Liberty Light Rail","Dixon Mills","10"
"Baldwin at Montgomery","Pershing Field","10"
"Astor Place","Exchange Place","10"
"Jersey & 6th St","Liberty Light Rail","10"
"Garfield Ave Station","Columbus Drive","10"
"Baldwin at Montgomery","Dixon Mills","10"
"Bayside Park","Newark Ave","10"
"Brunswick St","Lincoln Park","10"
"Warren St","Brunswick & 6th","10"
"Liberty Light Rail","Hilltop","10"
"Paulus Hook","Lincoln Park","10"
"McGinley Square","Christ Hospital","10"
"MLK Light Rail","Sip Ave","10"
"Brunswick & 6th","Marin Light Rail","10"
"Grove St PATH","NJCU","10"
"McGinley Square","Columbus Drive","10"
"5 Corners Library","Liberty Light Rail","10"
"Dixon Mills","Monmouth and 6th","10"
"Newport PATH","Christ Hospital","10"
"Dey St","Warren St","10"
"Garfield Ave Station","Newark Ave","10"
"City Hall","Central Ave","10"
"Heights Elevator","Broadway & W 49 St","10"
"Danforth Light Rail","Exchange Place","10"
"Columbus Drive","Christ Hospital","10"
"Dey St","City Hall","10"
"City Hall","Christ Hospital","10"
"West Side Light Rail","Union St","10"
"Baldwin at Montgomery","Marin Light Rail","10"
"Leonard Gordon Park","Riverview Park","10"
"Riverview Park","Columbus Drive","9"
"Dey St","JC Medical Center","9"
"NJCU","Union St","9"
"Hilltop","Monmouth and 6th","9"
"Central Ave","Dey St","9"
"Garfield Ave Station","Sip Ave","9"
"Liberty Light Rail","Jersey & 3rd","9"
"Grove St PATH","Communipaw & Berry Lane","9"
"City Hall","Union St","9"
"NJCU","Newark Ave","9"
"Manila & 1st","Christ Hospital","9"
"Grove St PATH","Union St","9"
"Baldwin at Montgomery","NJCU","9"
"Lafayette Park","Columbus Drive","9"
"Paulus Hook","Central Ave","9"
"City Hall","Riverview Park","9"
"Morris Canal","Dixon Mills","9"
"Monmouth and 6th","Morris Canal","9"
"Lafayette Park","Hamilton Park","9"
"Leonard Gordon Park","Newport Pkwy","9"
"Liberty Light Rail","MLK Light Rail","9"
"Morris Canal","Manila & 1st","9"
"Lincoln Park","Paulus Hook","9"
"Sip Ave","Lafayette Park","9"
"Bayside Park","City Hall","9"
"Union St","West Side Light Rail","9"
"Van Vorst Park","Christ Hospital","9"
"Van Vorst Park","Hilltop","9"
"Leonard Gordon Park","Grove St PATH","9"
"Manila & 1st","Baldwin at Montgomery","9"
"Lincoln Park","Columbia Park","8"
"McGinley Square","Manila & 1st","8"
"Jersey & 3rd","Marin Light Rail","8"
"Union St","Dey St","8"
"McGinley Square","Garfield Ave Station","8"
"Columbus Drive","Sip Ave","8"
"5 Corners Library","Jersey & 6th St","8"
"Exchange Place","West Side Light Rail","8"
"Dixon Mills","Hilltop","8"
"Leonard Gordon Park","Central Ave","8"
"Astor Place","Dixon Mills","8"
"Union St","Van Vorst Park","8"
"Pershing Field","Essex Light Rail","8"
"5 Corners Library","Monmouth and 6th","8"
"Hilltop","Dixon Mills","8"
"Danforth Light Rail","Grove St PATH","8"
"Exchange Place","Union St","8"
"Newport Pkwy","Lafayette Park","8"
"Leonard Gordon Park","Oakland Ave","8"
"Marin Light Rail","Garfield Ave Station","8"
"Lincoln Park","MLK Light Rail","8"
"Newport Pkwy","Oakland Ave","8"
"City Hall","Bayside Park","8"
"Sip Ave","Monmouth and 6th","8"
"Hamilton Park","Dey St","8"
"Union St","City Hall","8"
"Lafayette Park","Newport Pkwy","8"
"Oakland Ave","JC Medical Center","8"
"5 Corners Library","Jersey & 3rd","8"
"JC Medical Center","Dey St","8"
"Monmouth and 6th","Dey St","8"
"Paulus Hook","Oakland Ave","8"
"Central Ave","Van Vorst Park","8"
"Marin Light Rail","Lafayette Park","8"
"Manila & 1st","Liberty Light Rail","8"
"Columbus Drive","Hilltop","8"
"NJCU","JC Medical Center","8"
"JC Medical Center","Brunswick & 6th","8"
"Heights Elevator","Jersey & 3rd","8"
"Riverview Park","Van Vorst Park","8"
"Hamilton Park","Lincoln Park","8"
"MLK Light Rail","McGinley Square","8"
"Heights Elevator","Van Vorst Park","7"
"Warren St","Oakland Ave","7"
"Liberty Light Rail","Brunswick & 6th","7"
"Pershing Field","Liberty Light Rail","7"
"Baldwin at Montgomery","North St","7"
"Oakland Ave","Paulus Hook","7"
"Bayside Park","Van Vorst Park","7"
"Danforth Light Rail","Danforth Light Rail","7"
"Marin Light Rail","Pershing Field","7"
"Van Vorst Park","Brunswick & 6th","7"
"Newark Ave","North St","7"
"Liberty Light Rail","5 Corners Library","7"
"Hilltop","Marin Light Rail","7"
"Exchange Place","Columbia Park","7"
"Brunswick & 6th","JC Medical Center","7"
"Christ Hospital","JC Medical Center","7"
"Christ Hospital","Lincoln Park","7"
"Jersey & 3rd","Pershing Field","7"
"Dey St","Brunswick St","7"
"Brunswick St","Oakland Ave","7"
"NJCU","Columbia Park","7"
"Central Ave","Hamilton Park","7"
"Manila & 1st","Hilltop","7"
"Brunswick & 6th","Hilltop","7"
"Lafayette Park","Monmouth and 6th","7"
"Columbia Park","Bayside Park","7"
"MLK Light Rail","Newark Ave","7"
"Monmouth and 6th","Hilltop","7"
"Union St","JC Medical Center","7"
"Brunswick & 6th","Exchange Place","7"
"Garfield Ave Station","Marin Light Rail","7"
"Pershing Field","Paulus Hook","7"
"NJCU","Baldwin at Montgomery","7"
"Marin Light Rail","Dixon Mills","7"
"Warren St","Lafayette Park","7"
"Baldwin at Montgomery","Garfield Ave Station","7"
"Newport PATH","MLK Light Rail","7"
"Union St","Liberty Light Rail","7"
"Union St","MLK Light Rail","7"
"Leonard Gordon Park","North St","7"
"NJCU","City Hall","7"
"Monmouth and 6th","Lafayette Park","7"
"Columbia Park","McGinley Square","7"
"Manila & 1st","Pershing Field","7"
"Van Vorst Park","Dey St","7"
"Monmouth and 6th","Sip Ave","7"
"Central Ave","Leonard Gordon Park","7"
"Christ Hospital","Baldwin at Montgomery","7"
"Garfield Ave Station","MLK Light Rail","7"
"Astor Place","Astor Place","6"
"Hilltop","West Side Light Rail","6"
"Heights Elevator","Essex Light Rail","6"
"Riverview Park","Monmouth and 6th","6"
"Christ Hospital","Monmouth and 6th","6"
"Garfield Ave Station","Van Vorst Park","6"
"Sip Ave","Bayside Park","6"
"Brunswick & 6th","Van Vorst Park","6"
"Jersey & 3rd","Baldwin at Montgomery","6"
"Heights Elevator","Brunswick & 6th","6"
"Monmouth and 6th","Dixon Mills","6"
"Garfield Ave Station","Dixon Mills","6"
"JC Medical Center","Lincoln Park","6"
"Christ Hospital","Jersey & 3rd","6"
"Paulus Hook","Pershing Field","6"
"MLK Light Rail","MLK Light Rail","6"
"Dey St","West Side Light Rail","6"
"Hamilton Park","Central Ave","6"
"Morris Canal","Monmouth and 6th","6"
"Dixon Mills","Garfield Ave Station","6"
"5 Corners Library","Morris Canal","6"
"Dey St","Dixon Mills","6"
"Sip Ave","Manila & 1st","6"
"Jersey & 6th St","Sip Ave","6"
"Grove St PATH","Central Ave","6"
"Exchange Place","NJCU","6"
"Jersey & 6th St","5 Corners Library","6"
"NJCU","Dey St","6"
"Lafayette Park","Manila & 1st","6"
"Brunswick & 6th","Columbus Drive","6"
"McGinley Square","Leonard Gordon Park","6"
"MLK Light Rail","Exchange Place","6"
"Columbia Park","Exchange Place","6"
"Pershing Field","Columbus Drive","6"
"Baldwin at Montgomery","Riverview Park","6"
"Columbia Park","JC Medical Center","6"
"Jersey & 3rd","Dey St","6"
"Paulus Hook","Brunswick & 6th","6"
"Garfield Ave Station","Bayside Park","6"
"Monmouth and 6th","Liberty Light Rail","6"
"McGinley Square","Central Ave","6"
"Van Vorst Park","Pershing Field","6"
"West Side Light Rail","Hamilton Park","6"
"Riverview Park","Liberty Light Rail","6"
"Essex Light Rail","Pershing Field","5"
"Essex Light Rail","Bayside Park","5"
"City Hall","Dey St","5"
"Christ Hospital","Warren St","5"
"West Side Light Rail","Columbia Park","5"
"5 Corners Library","NJCU","5"
"Astor Place","City Hall","5"
"Astor Place","McGinley Square","5"
"Dixon Mills","Lafayette Park","5"
"Lafayette Park","Newport PATH","5"
"Liberty Light Rail","Heights Elevator","5"
"Morris Canal","Sip Ave","5"
"Central Ave","Lincoln Park","5"
"Pershing Field","Baldwin at Montgomery","5"
"Morris Canal","5 Corners Library","5"
"Heights Elevator","Baldwin at Montgomery","5"
"City Hall","Leonard Gordon Park","5"
"JC Medical Center","Central Ave","5"
"Bayside Park","MLK Light Rail","5"
"Monmouth and 6th","Baldwin at Montgomery","5"
"Riverview Park","Dixon Mills","5"
"McGinley Square","Columbia Park","5"
"Communipaw & Berry Lane","Grove St PATH","5"
"Van Vorst Park","MLK Light Rail","5"
"North St","McGinley Square","5"
"Manila & 1st","McGinley Square","5"
"McGinley Square","North St","5"
"Columbia Park","West Side Light Rail","5"
"Monmouth and 6th","5 Corners Library","5"
"JC Medical Center","Oakland Ave","5"
"Columbus Drive","North St","5"
"Hamilton Park","West Side Light Rail","5"
"Baldwin at Montgomery","Bayside Park","5"
"Newport PATH","West Side Light Rail","5"
"Union St","Exchange Place","5"
"Christ Hospital","Leonard Gordon Park","5"
"Van Vorst Park","Riverview Park","5"
"Sip Ave","Bethune Center","5"
"Baldwin at Montgomery","Manila & 1st","5"
"Hamilton Park","Oakland Ave","5"
"Union St","Brunswick St","5"
"Warren St","Garfield Ave Station","5"
"Columbus Drive","Oakland Ave","5"
"Marin Light Rail","Bayside Park","5"
"MLK Light Rail","Bayside Park","5"
"MLK Light Rail","Union St","5"
"MLK Light Rail","Garfield Ave Station","5"
"Union St","Newark Ave","5"
"Newark Ave","West Side Light Rail","5"
"Baldwin at Montgomery","Central Ave","5"
"NJCU","MLK Light Rail","5"
"Central Ave","JC Medical Center","4"
"Jersey & 3rd","Sip Ave","4"
"Leonard Gordon Park","Columbia Park","4"
"Bethune Center","MLK Light Rail","4"
"Riverview Park","Leonard Gordon Park","4"
"Paulus Hook","Garfield Ave Station","4"
"Liberty Light Rail","Christ Hospital","4"
"Newark Ave","Bayside Park","4"
"Dey St","Central Ave","4"
"West Side Light Rail","MLK Light Rail","4"
"Liberty Light Rail","Columbia Park","4"
"Jersey & 6th St","Baldwin at Montgomery","4"
"Lafayette Park","Morris Canal","4"
"McGinley Square","Jersey & 3rd","4"
"Monmouth and 6th","McGinley Square","4"
"West Side Light Rail","Van Vorst Park","4"
"Pershing Field","Lincoln Park","4"
"Dixon Mills","McGinley Square","4"
"Exchange Place","Brunswick & 6th","4"
"Christ Hospital","Manila & 1st","4"
"Monmouth and 6th","Heights Elevator","4"
"Newark Ave","Astor Place","4"
"Dey St","Jersey & 6th St","4"
"Riverview Park","Paulus Hook","4"
"Brunswick St","West Side Light Rail","4"
"Jersey & 3rd","5 Corners Library","4"
"West Side Light Rail","McGinley Square","4"
"MLK Light Rail","Baldwin at Montgomery","4"
"Van Vorst Park","5 Corners Library","4"
"Monmouth and 6th","Oakland Ave","4"
"McGinley Square","Morris Canal","4"
"NJCU","5 Corners Library","4"
"Dey St","Union St","4"
"Heights Elevator","Dixon Mills","4"
"Newport Pkwy","Garfield Ave Station","4"
"Manila & 1st","Sip Ave","4"
"Oakland Ave","Manila & 1st","4"
"Christ Hospital","Paulus Hook","4"
"Morris Canal","Lincoln Park","4"
"Van Vorst Park","Union St","4"
"JC Medical Center","Pershing Field","4"
"Van Vorst Park","Central Ave","4"
"Lafayette Park","Dixon Mills","4"
"Jersey & 3rd","North St","4"
"Warren St","Dey St","4"
"Warren St","Christ Hospital","4"
"Central Ave","McGinley Square","4"
"Brunswick & 6th","Jersey & 6th St","4"
"Newport PATH","NJCU","4"
"Dixon Mills","Sip Ave","4"
"5 Corners Library","JC Medical Center","4"
"Bayside Park","Essex Light Rail","4"
"Central Ave","Liberty Light Rail","4"
"North St","City Hall","4"
"Leonard Gordon Park","Christ Hospital","4"
"Warren St","Union St","4"
"Hamilton Park","Columbia Park","4"
"Bayside Park","Paulus Hook","4"
"Essex Light Rail","Riverview Park","4"
"5 Corners Library","Union St","4"
"Monmouth and 6th","Riverview Park","4"
"City Hall","North St","4"
"Liberty Light Rail","Pershing Field","4"
"Dixon Mills","Liberty Light Rail","4"
"Columbia Park","Van Vorst Park","4"
"Riverview Park","Manila & 1st","4"
"Central Ave","Baldwin at Montgomery","4"
"Liberty Light Rail","Oakland Ave","4"
"Brunswick & 6th","Heights Elevator","4"
"Bayside Park","Columbia Park","4"
"Dey St","Jersey & 3rd","4"
"Jersey & 6th St","Brunswick & 6th","4"
"Brunswick & 6th","Monmouth and 6th","4"
"Garfield Ave Station","Monmouth and 6th","4"
"Baldwin at Montgomery","MLK Light Rail","4"
"Manila & 1st","Oakland Ave","4"
"Jersey & 6th St","Heights Elevator","3"
"Baldwin at Montgomery","Jersey & 6th St","3"
"Garfield Ave Station","Hamilton Park","3"
"Christ Hospital","Morris Canal","3"
"Newport PATH","E 2 St & 2 Ave","3"
"North St","Warren St","3"
"Brunswick & 6th","Paulus Hook","3"
"MLK Light Rail","Columbia Park","3"
"McGinley Square","Dixon Mills","3"
"Garfield Ave Station","Columbia Park","3"
"Columbia Park","Baldwin at Montgomery","3"
"North St","Columbus Drive","3"
"MLK Light Rail","Bethune Center","3"
"Dixon Mills","Brunswick & 6th","3"
"Garfield Ave Station","NJCU","3"
"Exchange Place","Harrison St & Hudson St","3"
"Astor Place","Union St","3"
"Baldwin at Montgomery","Leonard Gordon Park","3"
"Manila & 1st","Lafayette Park","3"
"Brunswick & 6th","Riverview Park","3"
"West Side Light Rail","Grove St PATH","3"
"Exchange Place","Astor Place","3"
"Liberty Light Rail","Union St","3"
"Hilltop","Communipaw & Berry Lane","3"
"Columbus Drive","Pershing Field","3"
"Bayside Park","McGinley Square","3"
"Hilltop","Columbia Park","3"
"Essex Light Rail","West Side Light Rail","3"
"Bayside Park","West Side Light Rail","3"
"Hamilton Park","Garfield Ave Station","3"
"Central Ave","Morris Canal","3"
"Brunswick & 6th","North St","3"
"Essex Light Rail","North St","3"
"West Side Light Rail","Baldwin at Montgomery","3"
"Riverview Park","Essex Light Rail","3"
"JC Medical Center","Heights Elevator","3"
"Monmouth and 6th","Central Ave","3"
"Liberty Light Rail","Manila & 1st","3"
"MLK Light Rail","NJCU","3"
"Van Vorst Park","Heights Elevator","3"
"Van Vorst Park","West Side Light Rail","3"
"Liberty Light Rail","Monmouth and 6th","3"
"Monmouth and 6th","Pershing Field","3"
"Dixon Mills","Communipaw & Berry Lane","3"
"Pershing Field","JC Medical Center","3"
"Lincoln Park","Morris Canal","3"
"North St","Van Vorst Park","3"
"Oakland Ave","Liberty Light Rail","3"
"Liberty Light Rail","Riverview Park","3"
"Danforth Light Rail","MLK Light Rail","3"
"Columbia Park","Newark Ave","3"
"Grove St PATH","JCBS Depot","3"
"Riverview Park","Lincoln Park","3"
"5 Corners Library","Manila & 1st","3"
"West Side Light Rail","Bayside Park","3"
"West Side Light Rail","JC Medical Center","3"
"Paulus Hook","W 14 St & The High Line","3"
"Newport Pkwy","Riverside Dr & W 104 St","3"
"Bayside Park","Baldwin at Montgomery","3"
"Bayside Park","Garfield Ave Station","3"
"Riverview Park","JC Medical Center","3"
"Danforth Light Rail","Lafayette Park","3"
"Heights Elevator","Leonard Gordon Park","3"
"Columbia Park","City Hall","3"
"Morris Canal","Heights Elevator","3"
"Pershing Field","Monmouth and 6th","3"
"Liberty Light Rail","North St","3"
"Columbia Park","Liberty Light Rail","3"
"Union St","Essex Light Rail","3"
"Hilltop","Garfield Ave Station","3"
"Warren St","North St","3"
"Heights Elevator","Jersey & 6th St","3"
"Columbia Park","Grove St PATH","3"
"Dixon Mills","Christ Hospital","3"
"5 Corners Library","Garfield Ave Station","3"
"Columbia Park","NJCU","3"
"Lincoln Park","Manila & 1st","3"
"Christ Hospital","Jersey & 6th St","3"
"City Hall","West Side Light Rail","3"
"Lincoln Park","Christ Hospital","3"
"Leonard Gordon Park","Warren St","3"
"Warren St","Pike St & E Broadway","3"
"Garfield Ave Station","Union St","3"
"Union St","Warren St","3"
"Dey St","Monmouth and 6th","3"
"Baldwin at Montgomery","Morris Canal","3"
"Marin Light Rail","Hilltop","3"
"Baldwin at Montgomery","Columbia Park","3"
"Union St","Hilltop","3"
"Dixon Mills","Heights Elevator","3"
"Columbus Drive","West Side Light Rail","3"
"Jersey & 3rd","Riverview Park","3"
"Warren St","West Side Light Rail","3"
"Liberty Light Rail","Jersey & 6th St","3"
"Bayside Park","Warren St","3"
"Bethune Center","Sip Ave","3"
"Paulus Hook","Greenwich St & North Moore St","3"
"Essex Light Rail","Heights Elevator","3"
"Brunswick St","Union St","3"
"Bayside Park","Newport Pkwy","3"
"Pershing Field","Jersey & 3rd","3"
"Warren St","South End Ave & Liberty St","3"
"Leonard Gordon Park","Dey St","3"
"West Side Light Rail","Dey St","3"
"North St","Leonard Gordon Park","3"
"Morris Canal","Oakland Ave","3"
"Columbus Drive","Lafayette Park","3"
"Pershing Field","Jersey & 6th St","3"
"Christ Hospital","Columbia Park","2"
"McGinley Square","Riverview Park","2"
"5 Corners Library","Marin Light Rail","2"
"Morris Canal","Riverview Park","2"
"Bayside Park","Leonard Gordon Park","2"
"Union St","Monmouth and 6th","2"
"Danforth Light Rail","Bayside Park","2"
"Pershing Field","Washington St & Gansevoort St","2"
"Oakland Ave","Morris Canal","2"
"Grove St PATH","Danforth Light Rail","2"
"NJCU","Warren St","2"
"Lincoln Park","Brunswick & 6th","2"
"Lincoln Park","Bayside Park","2"
"Astor Place","Monmouth and 6th","2"
"Hamilton Park","Union St","2"
"Brunswick & 6th","Sip Ave","2"
"Communipaw & Berry Lane","Paulus Hook","2"
"North St","Essex Light Rail","2"
"Garfield Ave Station","Pershing Field","2"
"Leonard Gordon Park","Manila & 1st","2"
"Communipaw & Berry Lane","Newark Ave","2"
"Brunswick & 6th","McGinley Square","2"
"Brunswick & 6th","Christ Hospital","2"
"West Side Light Rail","Brunswick St","2"
"Astor Place","5 Corners Library","2"
"Grove St PATH","West Side Light Rail","2"
"Dey St","Leonard Gordon Park","2"
"Bayside Park","Dey St","2"
"Liberty Light Rail","West Side Light Rail","2"
"City Hall","NJCU","2"
"McGinley Square","Bayside Park","2"
"Brunswick & 6th","Liberty Light Rail","2"
"JC Medical Center","Communipaw & Berry Lane","2"
"Leonard Gordon Park","McGinley Square","2"
"Essex Light Rail","Greenwich St & W Houston St","2"
"Marin Light Rail","Vesey Pl & River Terrace","2"
"Newark Ave","Communipaw & Berry Lane","2"
"Garfield Ave Station","Christ Hospital","2"
"Dey St","Marin Light Rail","2"
"West Side Light Rail","City Hall","2"
"Paulus Hook","Christ Hospital","2"
"Bayside Park","Lincoln Park","2"
"Jersey & 3rd","Heights Elevator","2"
"Riverview Park","McGinley Square","2"
"McGinley Square","Lafayette Park","2"
"Baldwin at Montgomery","Astor Place","2"
"Christ Hospital","Union St","2"
"Brunswick St","Bayside Park","2"
"Communipaw & Berry Lane","Exchange Place","2"
"Grove St PATH","Astor Place","2"
"JC Medical Center","Union St","2"
"Grove St PATH","Leonard Gordon Park","2"
"Dey St","Manila & 1st","2"
"Riverview Park","Lafayette Park","2"
"Bethune Center","McGinley Square","2"
"Oakland Ave","West Side Light Rail","2"
"North St","Paulus Hook","2"
"Paulus Hook","John St & William St","2"
"JC Medical Center","Bethune Center","2"
"Exchange Place","Bethune Center","2"
"Exchange Place","Duane St & Greenwich St","2"
"McGinley Square","Bethune Center","2"
"Columbia Park","Leonard Gordon Park","2"
"Hilltop","Lafayette Park","2"
"North St","Jersey & 3rd","2"
"Garfield Ave Station","McGinley Square","2"
"Garfield Ave Station","Baldwin at Montgomery","2"
"Essex Light Rail","South End Ave & Liberty St","2"
"Manila & 1st","Central Ave","2"
"Heights Elevator","Manila & 1st","2"
"North St","Broadway & W 58 St","2"
"Jersey & 6th St","Lincoln Park","2"
"Garfield Ave Station","Morris Canal","2"
"Lincoln Park","Jersey & 3rd","2"
"Christ Hospital","Marin Light Rail","2"
"Bayside Park","Sip Ave","2"
"Christ Hospital","Brunswick & 6th","2"
"MLK Light Rail","Danforth Light Rail","2"
"Heights Elevator","Morris Canal","2"
"Leonard Gordon Park","Monmouth and 6th","2"
"Marin Light Rail","Baldwin at Montgomery","2"
"Marin Light Rail","5 Corners Library","2"
"5 Corners Library","Dixon Mills","2"
"Exchange Place","Leonard Gordon Park","2"
"Newport Pkwy","Broadway & Battery Pl","2"
"Columbia Park","Bethune Center","2"
"Columbia Park","Columbus Drive","2"
"West Side Light Rail","Hilltop","2"
"Jersey & 6th St","Lafayette Park","2"
"JC Medical Center","MLK Light Rail","2"
"Newport Pkwy","Christopher St & Greenwich St","2"
"Lafayette Park","Dey St","2"
"North St","JC Medical Center","2"
"Brunswick St","NJCU","2"
"City Hall","Communipaw & Berry Lane","2"
"Union St","NJCU","2"
"Marin Light Rail","Oakland Ave","2"
"Essex Light Rail","Union St","2"
"Union St","Christ Hospital","2"
"Van Vorst Park","Columbia Park","2"
"Baldwin at Montgomery","West Side Light Rail","2"
"MLK Light Rail","Warren St","2"
"Bethune Center","Exchange Place","2"
"Baldwin at Montgomery","Brunswick & 6th","2"
"Pershing Field","Dixon Mills","2"
"Union St","Garfield Ave Station","2"
"Lafayette Park","Baldwin at Montgomery","2"
"NJCU","Newport PATH","2"
"Christ Hospital","Liberty Light Rail","2"
"Riverview Park","Jersey & 6th St","2"
"Newport Pkwy","Union St","2"
"Jersey & 3rd","Christ Hospital","2"
"Pershing Field","NJCU","2"
"Communipaw & Berry Lane","Brunswick & 6th","2"
"Lincoln Park","North St","2"
"Pershing Field","Marin Light Rail","2"
"Manila & 1st","Heights Elevator","2"
"Communipaw & Berry Lane","City Hall","2"
"Lafayette Park","MLK Light Rail","2"
"Brunswick & 6th","Dixon Mills","2"
"Leonard Gordon Park","Heights Elevator","2"
"McGinley Square","Jersey & 6th St","2"
"Columbus Drive","Garfield Ave Station","2"
"Morris Canal","Pershing Field","2"
"Dixon Mills","Astor Place","2"
"Lincoln Park","Heights Elevator","2"
"McGinley Square","Brunswick & 6th","2"
"Columbia Park","Lincoln Park","2"
"Morris Canal","Broadway & W 32 St","2"
"Central Ave","Dixon Mills","2"
"Newport Pkwy","Leonard Gordon Park","2"
"Paulus Hook","Danforth Light Rail","2"
"JC Medical Center","5 Corners Library","2"
"Newport PATH","Union St","2"
"Garfield Ave Station","Newport Pkwy","2"
"Oakland Ave","Dixon Mills","2"
"Morris Canal","Duane St & Greenwich St","2"
"Dixon Mills","Lincoln Park","2"
"Monmouth and 6th","Garfield Ave Station","2"
"Brunswick & 6th","Lincoln Park","2"
"Christ Hospital","Essex Light Rail","2"
"Hilltop","MLK Light Rail","2"
"Lafayette Park","Riverview Park","2"
"Oakland Ave","Leonard Gordon Park","2"
"Pershing Field","Garfield Ave Station","2"
"Columbus Drive","Brunswick & 6th","2"
"Columbia Park","MLK Light Rail","2"
"Morris Canal","Bayside Park","2"
"Dey St","Columbus Drive","2"
"Jersey & 6th St","Dey St","2"
"West Side Light Rail","Garfield Ave Station","2"
"Lafayette Park","Bayside Park","2"
"NJCU","Hilltop","2"
"Dixon Mills","Union St","2"
"Baldwin at Montgomery","Heights Elevator","2"
"Jersey & 6th St","Pershing Field","2"
"Essex Light Rail","Christ Hospital","2"
"Bethune Center","Marin Light Rail","2"
"Garfield Ave Station","Lafayette Park","2"
"Jersey & 3rd","Oakland Ave","2"
"Morris Canal","Vesey Pl & River Terrace","2"
"Marin Light Rail","West Side Light Rail","2"
"Dey St","Morris Canal","2"
"Newport Pkwy","6 Ave & W 33 St","1"
"Warren St","NJCU","1"
"Paulus Hook","Vesey Pl & River Terrace","1"
"Pershing Field","Union St","1"
"Monmouth and 6th","Union St","1"
"MLK Light Rail","Essex Light Rail","1"
"Heights Elevator","Lincoln Park","1"
"Sip Ave","Brunswick & 6th","1"
"Pershing Field","Columbia Park","1"
"Columbia Park","Marin Light Rail","1"
"Newport Pkwy","West Side Light Rail","1"
"North St","Brunswick & 6th","1"
"Warren St","MLK Light Rail","1"
"Jersey & 6th St","NJCU","1"
"Communipaw & Berry Lane","Hilltop","1"
"Marin Light Rail","Dey St","1"
"Columbia Park","North St","1"
"5 Corners Library","Bayside Park","1"
"Newark Ave","Union St","1"
"Oakland Ave","NJCU","1"
"Liberty Light Rail","Bus Slip & State St","1"
"Leonard Gordon Park","Marin Light Rail","1"
"Columbus Drive","Central Ave","1"
"Heights Elevator","West Side Light Rail","1"
"City Hall","William St & Pine St","1"
"Oakland Ave","Columbus Drive","1"
"Morris Canal","Dey St","1"
"Lafayette Park","Leonard Gordon Park","1"
"Morris Canal","West Side Light Rail","1"
"Liberty Light Rail","Vesey Pl & River Terrace","1"
"Lincoln Park","Central Ave","1"
"JC Medical Center","Danforth Light Rail","1"
"Marin Light Rail","Communipaw & Berry Lane","1"
"Bethune Center","Paulus Hook","1"
"Warren St","Vesey Pl & River Terrace","1"
"Liberty Light Rail","W 4 St & 7 Ave S","1"
"Central Ave","Jersey & 6th St","1"
"Central Ave","Manila & 1st","1"
"West Side Light Rail","Danforth Light Rail","1"
"Central Ave","Brunswick & 6th","1"
"Warren St","Danforth Light Rail","1"
"Dey St","MLK Light Rail","1"
"Lincoln Park","Riverview Park","1"
"Morris Canal","E 5 St & Avenue C","1"
"Paulus Hook","FDR Drive & E 35 St","1"
"Oakland Ave","Lincoln Park","1"
"Central Ave","Monmouth and 6th","1"
"JC Medical Center","Columbia Park","1"
"Exchange Place","Roebling St & N 4 St","1"
"Marin Light Rail","Heights Elevator","1"
"NJCU","Lafayette Park","1"
"Marin Light Rail","North St","1"
"Brunswick & 6th","Garfield Ave Station","1"
"Heights Elevator","12 Ave & W 40 St","1"
"Lincoln Park","Columbus Drive","1"
"Heights Elevator","Columbus Drive","1"
"Danforth Light Rail","Newport PATH","1"
"Jersey & 6th St","Central Ave","1"
"Grove St PATH","South St & Gouverneur Ln","1"
"Essex Light Rail","Duffield St & Willoughby St","1"
"MLK Light Rail","Van Vorst Park","1"
"Jersey & 3rd","Bayside Park","1"
"Marin Light Rail","Allen St & Rivington St","1"
"Paulus Hook","Christopher St & Greenwich St","1"
"Dey St","Brunswick & 6th","1"
"West Side Light Rail","E 2 St & 2 Ave E","1"
"Lincoln Park","Oakland Ave","1"
"Pershing Field","Manila & 1st","1"
"Monmouth and 6th","Brunswick & 6th","1"
"Astor Place","Garfield Ave Station","1"
"Manila & 1st","Dey St","1"
"Communipaw & Berry Lane","Astor Place","1"
"Marin Light Rail","Christ Hospital","1"
"Pershing Field","Morris Canal","1"
"Exchange Place","Greenwich St & Warren St","1"
"Astor Place","JCBS Depot","1"
"Leonard Gordon Park","Newark Ave","1"
"Lincoln Park","Danforth Light Rail","1"
"North St","MLK Light Rail","1"
"Morris Canal","Christ Hospital","1"
"Liberty Light Rail","West Thames St","1"
"Monmouth and 6th","North St","1"
"Paulus Hook","Centre St & Worth St","1"
"Lincoln Park","Monmouth and 6th","1"
"City Hall","Danforth Light Rail","1"
"Liberty Light Rail","Central Ave","1"
"Manila & 1st","Riverview Park","1"
"Liberty Light Rail","Astor Place","1"
"Columbia Park","Hilltop","1"
"Brunswick St","MLK Light Rail","1"
"Dixon Mills","Bayside Park","1"
"Essex Light Rail","Greenwich Ave & 8 Ave","1"
"Morris Canal","Washington St & Gansevoort St","1"
"Van Vorst Park","Front St & Maiden Ln","1"
"Communipaw & Berry Lane","Columbus Drive","1"
"Leonard Gordon Park","Essex Light Rail","1"
"Danforth Light Rail","Newport Pkwy","1"
"Jersey & 3rd","Lincoln Park","1"
"5 Corners Library","MLK Light Rail","1"
"Newport Pkwy","12 Ave & W 40 St","1"
"Essex Light Rail","Vesey Pl & River Terrace","1"
"Lincoln Park","Dixon Mills","1"
"Columbia Park","Brunswick St","1"
"Bayside Park","Hamilton Park","1"
"Jersey & 3rd","Central Ave","1"
"Dixon Mills","5 Corners Library","1"
"Columbia Park","Christ Hospital","1"
"Manila & 1st","Garfield Ave Station","1"
"Van Vorst Park","Oakland Ave","1"
"Lafayette Park","Sip Ave","1"
"City Hall","Vesey Pl & River Terrace","1"
"Union St","Pershing Field","1"
"Union St","5 Corners Library","1"
"Garfield Ave Station","Lincoln Park","1"
"Columbus Drive","Danforth Light Rail","1"
"Christ Hospital","Garfield Ave Station","1"
"Newport Pkwy","Riverside Dr & W 78 St","1"
"Brunswick St","Communipaw & Berry Lane","1"
"Baldwin at Montgomery","MacDougal St & Washington Sq","1"
"Communipaw & Berry Lane","Marin Light Rail","1"
"Liberty Light Rail","Broadway & Battery Pl","1"
"Lafayette Park","Central Ave","1"
"Bayside Park","Danforth Light Rail","1"
"Lafayette Park","Hilltop","1"
"Oakland Ave","Lafayette Park","1"
"Central Ave","Columbus Drive","1"
"Christ Hospital","Lafayette Park","1"
"Newport Pkwy","NJCU","1"
"Central Ave","Union St","1"
"5 Corners Library","Columbia Park","1"
"Leonard Gordon Park","Hilltop","1"
"Essex Light Rail","W 44 St & 5 Ave","1"
"Pershing Field","Brunswick & 6th","1"
"Garfield Ave Station","Leonard Gordon Park","1"
"North St","Union St","1"
"Brunswick St","Leonard Gordon Park","1"
"Newport Pkwy","W 95 St & Broadway","1"
"North St","West Side Light Rail","1"
"Essex Light Rail","E 3 St & 1 Ave","1"
"Jersey & 6th St","McGinley Square","1"
"Columbus Drive","Vesey Pl & River Terrace","1"
"Grove St PATH","W 14 St & The High Line","1"
"Essex Light Rail","Broadway & W 32 St","1"
"Union St","Central Ave","1"
"Leonard Gordon Park","Bayside Park","1"
"Marin Light Rail","Columbia Park","1"
"McGinley Square","Danforth Light Rail","1"
"5 Corners Library","West Side Light Rail","1"
"Essex Light Rail","Watts St & Greenwich St","1"
"Astor Place","Columbia Park","1"
"JC Medical Center","West Side Light Rail","1"
"5 Corners Library","Lafayette Park","1"
"Danforth Light Rail","City Hall","1"
"Pershing Field","Bayside Park","1"
"Liberty Light Rail","Christopher St & Greenwich St","1"
"JC Medical Center","North St","1"
"NJCU","Bayside Park","1"
"Bethune Center","Baldwin at Montgomery","1"
"City Hall","6 Ave & Broome St","1"
"Hilltop","NJCU","1"
"Astor Place","JC Medical Center","1"
"Baldwin at Montgomery","Danforth Light Rail","1"
"Leonard Gordon Park","Lafayette Park","1"
"5 Corners Library","Bethune Center","1"
"Bethune Center","Columbia Park","1"
"Grove St PATH","Vesey Pl & River Terrace","1"
"Exchange Place","MLK Light Rail","1"
"Newark Ave","NJCU","1"
"Dey St","Liberty Light Rail","1"
"Morris Canal","Baldwin at Montgomery","1"
"Lafayette Park","Warren St","1"
"West Side Light Rail","Warren St","1"
"Marin Light Rail","Central Ave","1"
"JC Medical Center","Riverview Park","1"
"Essex Light Rail","W 14 St & The High Line","1"
"Christ Hospital","JCBS Depot","1"
"JC Medical Center","Christ Hospital","1"
"Newport PATH","Lafayette Park","1"
"Monmouth and 6th","Christ Hospital","1"
"Essex Light Rail","12 Ave & W 40 St","1"
"Riverview Park","Marin Light Rail","1"
"City Hall","Astor Place","1"
"Pershing Field","MLK Light Rail","1"
"Van Vorst Park","York St & Jay St","1"
"Danforth Light Rail","JC Medical Center","1"
"Marin Light Rail","Riverview Park","1"
"Baldwin at Montgomery","Communipaw & Berry Lane","1"
"Astor Place","Communipaw & Berry Lane","1"
"Leonard Gordon Park","Dixon Mills","1"
"Jersey & 6th St","Garfield Ave Station","1"
"MLK Light Rail","Pershing Field","1"
"Lafayette Park","Lincoln Park","1"
"NJCU","Dixon Mills","1"
"Columbia Park","Pershing Field","1"
"Heights Elevator","Union St","1"
"Oakland Ave","Brunswick & 6th","1"
"Bayside Park","Brunswick St","1"
"Danforth Light Rail","Columbus Drive","1"
"Warren St","Central Ave","1"
"Bethune Center","5 Corners Library","1"
"Riverview Park","W 41 St & 8 Ave","1"
"Dixon Mills","NJCU","1"
"Astor Place","Lafayette Park","1"
"Exchange Place","West Thames St","1"
"Columbus Drive","Leonard Gordon Park","1"
"Paulus Hook","Bayside Park","1"
"Morris Canal","W 24 St & 7 Ave","1"
"Essex Light Rail","Danforth Light Rail","1"
"MLK Light Rail","JC Medical Center","1"
"Communipaw & Berry Lane","Liberty Light Rail","1"
"Garfield Ave Station","Jersey & 6th St","1"
"Bethune Center","Essex Light Rail","1"
"NJCU","Manila & 1st","1"
"Morris Canal","12 Ave & W 40 St","1"
"Astor Place","Lincoln Park","1"
"Dixon Mills","Riverview Park","1"
"Brunswick St","Astor Place","1"
"Danforth Light Rail","Essex Light Rail","1"
"Riverview Park","Jersey & 3rd","1"
"Brunswick & 6th","Astor Place","1"
"Manila & 1st","North St","1"
"Newark Ave","Leonard Gordon Park","1"
"Exchange Place","12 Ave & W 40 St","1"
"Liberty Light Rail","Dey St","1"
"West Side Light Rail","Newport PATH","1"
"North St","Marin Light Rail","1"
"Columbia Park","Newport PATH","1"
"NJCU","Jersey & 6th St","1"
"Morris Canal","McGinley Square","1"
"Warren St","Water - Whitehall Plaza","1"
"Oakland Ave","Monmouth and 6th","1"
"Essex Light Rail","E 47 St & Park Ave","1"
"Oakland Ave","Garfield Ave Station","1"
"City Hall","Spruce St & Nassau St","1"
"Manila & 1st","Lincoln Park","1"
"Paulus Hook","Union St","1"
"Communipaw & Berry Lane","Lafayette Park","1"
"Hamilton Park","Riverside Dr & W 82 St","1"
"Liberty Light Rail","NJCU","1"
"Union St","Newport PATH","1"
"Van Vorst Park","West St & Chambers St","1"
"Newport Pkwy","W 52 St & 5 Ave","1"
"Warren St","Bayside Park","1"
"Paulus Hook","Little West St & 1 Pl","1"
"Bayside Park","Newport PATH","1"
"MLK Light Rail","West Side Light Rail","1"
"Central Ave","Jersey & 3rd","1"
"Dixon Mills","Oakland Ave","1"
"Columbus Drive","Heights Elevator","1"
"Union St","Astor Place","1"
"Garfield Ave Station","West Side Light Rail","1"
"Lincoln Park","Garfield Ave Station","1"
"Marin Light Rail","Danforth Light Rail","1"
"Bethune Center","NJCU","1"
"NJCU","Newport Pkwy","1"
"Bayside Park","Marin Light Rail","1"
"Exchange Place","W 14 St & The High Line","1"
"Lincoln Park","Lafayette Park","1"
"JCBS Depot","NJCU","1"
"Pershing Field","West Side Light Rail","1"
"Danforth Light Rail","Lincoln Park","1"
"Dixon Mills","Central Ave","1"
"Riverview Park","Baldwin at Montgomery","1"
"Essex Light Rail","Bethune Center","1"
"Bayside Park","NJCU","1"
"Paulus Hook","West Side Light Rail","1"
"Brunswick & 6th","Oakland Ave","1"
"Sip Ave","Communipaw & Berry Lane","1"
"Heights Elevator","Marin Light Rail","1"
"Essex Light Rail","Brunswick & 6th","1"
